,scd30,sen0220,s8lp,cjmcu811
,755ppm,755ppm,755ppm,755ppm
Variable,,,,
TR+,0 days 00:14:24.528000,0 days 00:12:15.023000,0 days 00:02:49.811000,0 days 00:14:13.905000
M,713.536231884058,756.8928571428571,780.4297520661157,4876.59
D_r,755.3883333333333,755.3883333333333,755.3883333333333,755.3883333333333
Error,-41.852101449275324,1.5045238095237892,25.041418732782404,4121.201666666667
