sensor,concentracion,Error,TR+,M,D_r
scd30,888ppm,35.75,7.360266666666667,852.9,888.65
sen0220,888ppm,55.94999999999993,6.006150000000001,832.7,888.65
s8lp,888ppm,13.986363636363649,6.00525,902.6363636363636,888.65
t3022,888ppm,60.2590909090909,22.989950000000004,948.9090909090909,888.65
